[
{
  "model": "wagtailcore.page",
  "pk": 1,
  "fields": {
    "path": "0001",
    "depth": 1,
    "numchild": 1,
    "translation_key": "463d811a-bca9-4bb7-8801-2feca8f982ab",
    "locale": 1,
    "latest_revision": null,
    "live": true,
    "has_unpublished_changes": false,
    "first_published_at": null,
    "last_published_at": null,
    "live_revision": null,
    "go_live_at": null,
    "expire_at": null,
    "expired": false,
    "locked": false,
    "locked_at": null,
    "locked_by": null,
    "title": "Root",
    "draft_title": "Root",
    "slug": "root",
    "content_type": [
      "wagtailcore",
      "page"
    ],
    "url_path": "/",
    "owner": null,
    "seo_title": "",
    "show_in_menus": false,
    "search_description": "",
    "latest_revision_created_at": null,
    "alias_of": null
  }
},
{
  "model": "wagtailcore.page",
  "pk": 3,
  "fields": {
    "path": "00010001",
    "depth": 2,
    "numchild": 10,
    "translation_key": "078d128b-eff1-4010-b39b-7ca0e3b710c9",
    "locale": 1,
    "latest_revision": 24,
    "live": true,
    "has_unpublished_changes": false,
    "first_published_at": "2025-11-25T17:05:02.477Z",
    "last_published_at": "2025-11-25T17:05:56.296Z",
    "live_revision": 24,
    "go_live_at": null,
    "expire_at": null,
    "expired": false,
    "locked": false,
    "locked_at": null,
    "locked_by": null,
    "title": "UAdeC - Dirección de Intercambio Académico",
    "draft_title": "UAdeC - Dirección de Intercambio Académico",
    "slug": "home",
    "content_type": [
      "cms",
      "homepage"
    ],
    "url_path": "/home/",
    "owner": null,
    "seo_title": "",
    "show_in_menus": true,
    "search_description": "",
    "latest_revision_created_at": "2025-11-25T17:05:56.269Z",
    "alias_of": null
  }
},
{
  "model": "wagtailcore.page",
  "pk": 4,
  "fields": {
    "path": "000100010001",
    "depth": 3,
    "numchild": 3,
    "translation_key": "551cfbba-5c64-4304-bbe5-47075a7d2d33",
    "locale": 1,
    "latest_revision": 2,
    "live": true,
    "has_unpublished_changes": false,
    "first_published_at": "2025-11-25T17:05:02.537Z",
    "last_published_at": "2025-11-25T17:05:02.537Z",
    "live_revision": 2,
    "go_live_at": null,
    "expire_at": null,
    "expired": false,
    "locked": false,
    "locked_at": null,
    "locked_by": null,
    "title": "Blog",
    "draft_title": "Blog",
    "slug": "blog",
    "content_type": [
      "cms",
      "blogindexpage"
    ],
    "url_path": "/home/blog/",
    "owner": null,
    "seo_title": "",
    "show_in_menus": true,
    "search_description": "",
    "latest_revision_created_at": "2025-11-25T17:05:02.524Z",
    "alias_of": null
  }
},
{
  "model": "wagtailcore.page",
  "pk": 5,
  "fields": {
    "path": "000100010002",
    "depth": 3,
    "numchild": 0,
    "translation_key": "c81b550b-eb70-4e19-9ee6-41b2676648d8",
    "locale": 1,
    "latest_revision": 3,
    "live": true,
    "has_unpublished_changes": false,
    "first_published_at": "2025-11-25T17:05:02.587Z",
    "last_published_at": "2025-11-25T17:05:02.587Z",
    "live_revision": 3,
    "go_live_at": null,
    "expire_at": null,
    "expired": false,
    "locked": false,
    "locked_at": null,
    "locked_by": null,
    "title": "Exchange Programs",
    "draft_title": "Exchange Programs",
    "slug": "programs",
    "content_type": [
      "cms",
      "programindexpage"
    ],
    "url_path": "/home/programs/",
    "owner": null,
    "seo_title": "",
    "show_in_menus": true,
    "search_description": "",
    "latest_revision_created_at": "2025-11-25T17:05:02.573Z",
    "alias_of": null
  }
},
{
  "model": "wagtailcore.page",
  "pk": 6,
  "fields": {
    "path": "000100010003",
    "depth": 3,
    "numchild": 0,
    "translation_key": "f6f02619-210a-44f5-a540-1f97aa5e39c9",
    "locale": 1,
    "latest_revision": 4,
    "live": true,
    "has_unpublished_changes": false,
    "first_published_at": "2025-11-25T17:05:02.637Z",
    "last_published_at": "2025-11-25T17:05:02.637Z",
    "live_revision": 4,
    "go_live_at": null,
    "expire_at": null,
    "expired": false,
    "locked": false,
    "locked_at": null,
    "locked_by": null,
    "title": "Frequently Asked Questions",
    "draft_title": "Frequently Asked Questions",
    "slug": "faq",
    "content_type": [
      "cms",
      "faqindexpage"
    ],
    "url_path": "/home/faq/",
    "owner": null,
    "seo_title": "",
    "show_in_menus": true,
    "search_description": "",
    "latest_revision_created_at": "2025-11-25T17:05:02.623Z",
    "alias_of": null
  }
},
{
  "model": "wagtailcore.page",
  "pk": 7,
  "fields": {
    "path": "000100010004",
    "depth": 3,
    "numchild": 0,
    "translation_key": "89560f68-4873-4023-8eb1-21378a07f5b3",
    "locale": 1,
    "latest_revision": 5,
    "live": true,
    "has_unpublished_changes": false,
    "first_published_at": "2025-11-25T17:05:02.688Z",
    "last_published_at": "2025-11-25T17:05:02.688Z",
    "live_revision": 5,
    "go_live_at": null,
    "expire_at": null,
    "expired": false,
    "locked": false,
    "locked_at": null,
    "locked_by": null,
    "title": "About SEIM",
    "draft_title": "About SEIM",
    "slug": "about",
    "content_type": [
      "cms",
      "standardpage"
    ],
    "url_path": "/home/about/",
    "owner": null,
    "seo_title": "",
    "show_in_menus": true,
    "search_description": "",
    "latest_revision_created_at": "2025-11-25T17:05:02.675Z",
    "alias_of": null
  }
},
{
  "model": "wagtailcore.page",
  "pk": 8,
  "fields": {
    "path": "000100010005",
    "depth": 3,
    "numchild": 0,
    "translation_key": "695770ac-5467-4d3d-b156-26885ea109d7",
    "locale": 1,
    "latest_revision": 6,
    "live": true,
    "has_unpublished_changes": false,
    "first_published_at": "2025-11-25T17:05:02.740Z",
    "last_published_at": "2025-11-25T17:05:02.740Z",
    "live_revision": 6,
    "go_live_at": null,
    "expire_at": null,
    "expired": false,
    "locked": false,
    "locked_at": null,
    "locked_by": null,
    "title": "Contact Us",
    "draft_title": "Contact Us",
    "slug": "contact",
    "content_type": [
      "cms",
      "standardpage"
    ],
    "url_path": "/home/contact/",
    "owner": null,
    "seo_title": "",
    "show_in_menus": true,
    "search_description": "",
    "latest_revision_created_at": "2025-11-25T17:05:02.727Z",
    "alias_of": null
  }
},
{
  "model": "wagtailcore.page",
  "pk": 9,
  "fields": {
    "path": "000100010006",
    "depth": 3,
    "numchild": 0,
    "translation_key": "d8b9ee49-bf63-4897-9a7e-aa73e3e251b4",
    "locale": 1,
    "latest_revision": 8,
    "live": true,
    "has_unpublished_changes": false,
    "first_published_at": "2025-11-25T17:05:52.762Z",
    "last_published_at": "2025-11-25T17:05:52.762Z",
    "live_revision": 8,
    "go_live_at": null,
    "expire_at": null,
    "expired": false,
    "locked": false,
    "locked_at": null,
    "locked_by": null,
    "title": "Sobre la Dirección de Intercambio Académico",
    "draft_title": "Sobre la Dirección de Intercambio Académico",
    "slug": "sobre-nosotros",
    "content_type": [
      "cms",
      "standardpage"
    ],
    "url_path": "/home/sobre-nosotros/",
    "owner": null,
    "seo_title": "",
    "show_in_menus": true,
    "search_description": "",
    "latest_revision_created_at": "2025-11-25T17:05:52.746Z",
    "alias_of": null
  }
},
{
  "model": "wagtailcore.page",
  "pk": 10,
  "fields": {
    "path": "0001000100010001",
    "depth": 4,
    "numchild": 0,
    "translation_key": "d1cd7d6a-d002-4cb5-9510-357835fa9e7f",
    "locale": 1,
    "latest_revision": 9,
    "live": true,
    "has_unpublished_changes": false,
    "first_published_at": "2025-11-25T17:05:52.830Z",
    "last_published_at": "2025-11-25T17:05:52.830Z",
    "live_revision": 9,
    "go_live_at": null,
    "expire_at": null,
    "expired": false,
    "locked": false,
    "locked_at": null,
    "locked_by": null,
    "title": "Mi Semestre en la Universidad de Salamanca",
    "draft_title": "Mi Semestre en la Universidad de Salamanca",
    "slug": "semestre-salamanca",
    "content_type": [
      "cms",
      "blogpostpage"
    ],
    "url_path": "/home/blog/semestre-salamanca/",
    "owner": null,
    "seo_title": "",
    "show_in_menus": false,
    "search_description": "",
    "latest_revision_created_at": "2025-11-25T17:05:52.816Z",
    "alias_of": null
  }
},
{
  "model": "wagtailcore.page",
  "pk": 11,
  "fields": {
    "path": "0001000100010002",
    "depth": 4,
    "numchild": 0,
    "translation_key": "631ccd55-e48d-4ae0-b592-818d33c12fab",
    "locale": 1,
    "latest_revision": 10,
    "live": true,
    "has_unpublished_changes": false,
    "first_published_at": "2025-11-25T17:05:52.886Z",
    "last_published_at": "2025-11-25T17:05:52.886Z",
    "live_revision": 10,
    "go_live_at": null,
    "expire_at": null,
    "expired": false,
    "locked": false,
    "locked_at": null,
    "locked_by": null,
    "title": "Convocatoria Abierta: Intercambio Primavera 2026",
    "draft_title": "Convocatoria Abierta: Intercambio Primavera 2026",
    "slug": "convocatoria-primavera-2026",
    "content_type": [
      "cms",
      "blogpostpage"
    ],
    "url_path": "/home/blog/convocatoria-primavera-2026/",
    "owner": null,
    "seo_title": "",
    "show_in_menus": false,
    "search_description": "",
    "latest_revision_created_at": "2025-11-25T17:05:52.871Z",
    "alias_of": null
  }
},
{
  "model": "wagtailcore.page",
  "pk": 12,
  "fields": {
    "path": "0001000100010003",
    "depth": 4,
    "numchild": 0,
    "translation_key": "fd069c3d-d12c-42a3-9c4e-51b192b3126b",
    "locale": 1,
    "latest_revision": 11,
    "live": true,
    "has_unpublished_changes": false,
    "first_published_at": "2025-11-25T17:05:52.941Z",
    "last_published_at": "2025-11-25T17:05:52.941Z",
    "live_revision": 11,
    "go_live_at": null,
    "expire_at": null,
    "expired": false,
    "locked": false,
    "locked_at": null,
    "locked_by": null,
    "title": "10 Consejos para Preparar tu Intercambio",
    "draft_title": "10 Consejos para Preparar tu Intercambio",
    "slug": "consejos-preparar-intercambio",
    "content_type": [
      "cms",
      "blogpostpage"
    ],
    "url_path": "/home/blog/consejos-preparar-intercambio/",
    "owner": null,
    "seo_title": "",
    "show_in_menus": false,
    "search_description": "",
    "latest_revision_created_at": "2025-11-25T17:05:52.927Z",
    "alias_of": null
  }
},
{
  "model": "wagtailcore.page",
  "pk": 13,
  "fields": {
    "path": "000100010007",
    "depth": 3,
    "numchild": 3,
    "translation_key": "d937e059-2375-416e-aa81-13245f438006",
    "locale": 1,
    "latest_revision": 12,
    "live": true,
    "has_unpublished_changes": false,
    "first_published_at": "2025-11-25T17:05:52.995Z",
    "last_published_at": "2025-11-25T17:05:52.995Z",
    "live_revision": 12,
    "go_live_at": null,
    "expire_at": null,
    "expired": false,
    "locked": false,
    "locked_at": null,
    "locked_by": null,
    "title": "Programas de Intercambio",
    "draft_title": "Programas de Intercambio",
    "slug": "programas",
    "content_type": [
      "cms",
      "programindexpage"
    ],
    "url_path": "/home/programas/",
    "owner": null,
    "seo_title": "",
    "show_in_menus": true,
    "search_description": "",
    "latest_revision_created_at": "2025-11-25T17:05:52.983Z",
    "alias_of": null
  }
},
{
  "model": "wagtailcore.page",
  "pk": 14,
  "fields": {
    "path": "0001000100070001",
    "depth": 4,
    "numchild": 0,
    "translation_key": "732ad3f5-074c-425c-aec8-55b6edc367d7",
    "locale": 1,
    "latest_revision": 13,
    "live": true,
    "has_unpublished_changes": false,
    "first_published_at": "2025-11-25T17:05:53.047Z",
    "last_published_at": "2025-11-25T17:05:53.047Z",
    "live_revision": 13,
    "go_live_at": null,
    "expire_at": null,
    "expired": false,
    "locked": false,
    "locked_at": null,
    "locked_by": null,
    "title": "Universidad de Salamanca - España",
    "draft_title": "Universidad de Salamanca - España",
    "slug": "salamanca-espana",
    "content_type": [
      "cms",
      "programpage"
    ],
    "url_path": "/home/programas/salamanca-espana/",
    "owner": null,
    "seo_title": "",
    "show_in_menus": false,
    "search_description": "",
    "latest_revision_created_at": "2025-11-25T17:05:53.033Z",
    "alias_of": null
  }
},
{
  "model": "wagtailcore.page",
  "pk": 15,
  "fields": {
    "path": "0001000100070002",
    "depth": 4,
    "numchild": 0,
    "translation_key": "b4bbea46-5bc3-4873-95b3-223817325034",
    "locale": 1,
    "latest_revision": 14,
    "live": true,
    "has_unpublished_changes": false,
    "first_published_at": "2025-11-25T17:05:53.098Z",
    "last_published_at": "2025-11-25T17:05:53.098Z",
    "live_revision": 14,
    "go_live_at": null,
    "expire_at": null,
    "expired": false,
    "locked": false,
    "locked_at": null,
    "locked_by": null,
    "title": "Texas A&M University - Estados Unidos",
    "draft_title": "Texas A&M University - Estados Unidos",
    "slug": "texas-am-usa",
    "content_type": [
      "cms",
      "programpage"
    ],
    "url_path": "/home/programas/texas-am-usa/",
    "owner": null,
    "seo_title": "",
    "show_in_menus": false,
    "search_description": "",
    "latest_revision_created_at": "2025-11-25T17:05:53.084Z",
    "alias_of": null
  }
},
{
  "model": "wagtailcore.page",
  "pk": 16,
  "fields": {
    "path": "0001000100070003",
    "depth": 4,
    "numchild": 0,
    "translation_key": "ac3df1ea-89da-4d5e-8854-14c7089c3dea",
    "locale": 1,
    "latest_revision": 15,
    "live": true,
    "has_unpublished_changes": false,
    "first_published_at": "2025-11-25T17:05:53.148Z",
    "last_published_at": "2025-11-25T17:05:53.148Z",
    "live_revision": 15,
    "go_live_at": null,
    "expire_at": null,
    "expired": false,
    "locked": false,
    "locked_at": null,
    "locked_by": null,
    "title": "Università di Bologna - Italia",
    "draft_title": "Università di Bologna - Italia",
    "slug": "bologna-italia",
    "content_type": [
      "cms",
      "programpage"
    ],
    "url_path": "/home/programas/bologna-italia/",
    "owner": null,
    "seo_title": "",
    "show_in_menus": false,
    "search_description": "",
    "latest_revision_created_at": "2025-11-25T17:05:53.136Z",
    "alias_of": null
  }
},
{
  "model": "wagtailcore.page",
  "pk": 17,
  "fields": {
    "path": "000100010008",
    "depth": 3,
    "numchild": 5,
    "translation_key": "c9ad3221-b67e-4fd1-9911-77011899a4c7",
    "locale": 1,
    "latest_revision": 16,
    "live": true,
    "has_unpublished_changes": false,
    "first_published_at": "2025-11-25T17:05:53.198Z",
    "last_published_at": "2025-11-25T17:05:53.198Z",
    "live_revision": 16,
    "go_live_at": null,
    "expire_at": null,
    "expired": false,
    "locked": false,
    "locked_at": null,
    "locked_by": null,
    "title": "Preguntas Frecuentes",
    "draft_title": "Preguntas Frecuentes",
    "slug": "preguntas-frecuentes",
    "content_type": [
      "cms",
      "faqindexpage"
    ],
    "url_path": "/home/preguntas-frecuentes/",
    "owner": null,
    "seo_title": "",
    "show_in_menus": true,
    "search_description": "",
    "latest_revision_created_at": "2025-11-25T17:05:53.186Z",
    "alias_of": null
  }
},
{
  "model": "wagtailcore.page",
  "pk": 18,
  "fields": {
    "path": "0001000100080001",
    "depth": 4,
    "numchild": 0,
    "translation_key": "9fa62a05-30df-423c-948c-c11012fbc516",
    "locale": 1,
    "latest_revision": 17,
    "live": true,
    "has_unpublished_changes": false,
    "first_published_at": "2025-11-25T17:05:53.247Z",
    "last_published_at": "2025-11-25T17:05:53.247Z",
    "live_revision": 17,
    "go_live_at": null,
    "expire_at": null,
    "expired": false,
    "locked": false,
    "locked_at": null,
    "locked_by": null,
    "title": "¿Cuáles son los requisitos para aplicar?",
    "draft_title": "¿Cuáles son los requisitos para aplicar?",
    "slug": "requisitos-aplicar",
    "content_type": [
      "cms",
      "faqpage"
    ],
    "url_path": "/home/preguntas-frecuentes/requisitos-aplicar/",
    "owner": null,
    "seo_title": "",
    "show_in_menus": false,
    "search_description": "",
    "latest_revision_created_at": "2025-11-25T17:05:53.234Z",
    "alias_of": null
  }
},
{
  "model": "wagtailcore.page",
  "pk": 19,
  "fields": {
    "path": "0001000100080002",
    "depth": 4,
    "numchild": 0,
    "translation_key": "6b646d67-e895-467c-b1e3-bda7346ac2f2",
    "locale": 1,
    "latest_revision": 18,
    "live": true,
    "has_unpublished_changes": false,
    "first_published_at": "2025-11-25T17:05:53.296Z",
    "last_published_at": "2025-11-25T17:05:53.296Z",
    "live_revision": 18,
    "go_live_at": null,
    "expire_at": null,
    "expired": false,
    "locked": false,
    "locked_at": null,
    "locked_by": null,
    "title": "¿Cuánto cuesta participar en un intercambio?",
    "draft_title": "¿Cuánto cuesta participar en un intercambio?",
    "slug": "costo-intercambio",
    "content_type": [
      "cms",
      "faqpage"
    ],
    "url_path": "/home/preguntas-frecuentes/costo-intercambio/",
    "owner": null,
    "seo_title": "",
    "show_in_menus": false,
    "search_description": "",
    "latest_revision_created_at": "2025-11-25T17:05:53.283Z",
    "alias_of": null
  }
},
{
  "model": "wagtailcore.page",
  "pk": 20,
  "fields": {
    "path": "0001000100080003",
    "depth": 4,
    "numchild": 0,
    "translation_key": "0b857862-d831-45f1-b818-476f77612084",
    "locale": 1,
    "latest_revision": 19,
    "live": true,
    "has_unpublished_changes": false,
    "first_published_at": "2025-11-25T17:05:53.345Z",
    "last_published_at": "2025-11-25T17:05:53.345Z",
    "live_revision": 19,
    "go_live_at": null,
    "expire_at": null,
    "expired": false,
    "locked": false,
    "locked_at": null,
    "locked_by": null,
    "title": "¿Mis créditos serán revalidados?",
    "draft_title": "¿Mis créditos serán revalidados?",
    "slug": "revalidacion-creditos",
    "content_type": [
      "cms",
      "faqpage"
    ],
    "url_path": "/home/preguntas-frecuentes/revalidacion-creditos/",
    "owner": null,
    "seo_title": "",
    "show_in_menus": false,
    "search_description": "",
    "latest_revision_created_at": "2025-11-25T17:05:53.332Z",
    "alias_of": null
  }
},
{
  "model": "wagtailcore.page",
  "pk": 21,
  "fields": {
    "path": "0001000100080004",
    "depth": 4,
    "numchild": 0,
    "translation_key": "7409bff6-dc42-4f9c-8931-9209d89099d9",
    "locale": 1,
    "latest_revision": 20,
    "live": true,
    "has_unpublished_changes": false,
    "first_published_at": "2025-11-25T17:05:53.395Z",
    "last_published_at": "2025-11-25T17:05:53.395Z",
    "live_revision": 20,
    "go_live_at": null,
    "expire_at": null,
    "expired": false,
    "locked": false,
    "locked_at": null,
    "locked_by": null,
    "title": "¿Puedo trabajar durante mi intercambio?",
    "draft_title": "¿Puedo trabajar durante mi intercambio?",
    "slug": "trabajar-intercambio",
    "content_type": [
      "cms",
      "faqpage"
    ],
    "url_path": "/home/preguntas-frecuentes/trabajar-intercambio/",
    "owner": null,
    "seo_title": "",
    "show_in_menus": false,
    "search_description": "",
    "latest_revision_created_at": "2025-11-25T17:05:53.382Z",
    "alias_of": null
  }
},
{
  "model": "wagtailcore.page",
  "pk": 22,
  "fields": {
    "path": "0001000100080005",
    "depth": 4,
    "numchild": 0,
    "translation_key": "4de7e10b-0ae3-440f-aab6-c1c4f73f535e",
    "locale": 1,
    "latest_revision": 21,
    "live": true,
    "has_unpublished_changes": false,
    "first_published_at": "2025-11-25T17:05:53.444Z",
    "last_published_at": "2025-11-25T17:05:53.444Z",
    "live_revision": 21,
    "go_live_at": null,
    "expire_at": null,
    "expired": false,
    "locked": false,
    "locked_at": null,
    "locked_by": null,
    "title": "¿Qué pasa si tengo una emergencia en el extranjero?",
    "draft_title": "¿Qué pasa si tengo una emergencia en el extranjero?",
    "slug": "emergencia-extranjero",
    "content_type": [
      "cms",
      "faqpage"
    ],
    "url_path": "/home/preguntas-frecuentes/emergencia-extranjero/",
    "owner": null,
    "seo_title": "",
    "show_in_menus": false,
    "search_description": "",
    "latest_revision_created_at": "2025-11-25T17:05:53.432Z",
    "alias_of": null
  }
},
{
  "model": "wagtailcore.page",
  "pk": 23,
  "fields": {
    "path": "000100010009",
    "depth": 3,
    "numchild": 0,
    "translation_key": "c487ff30-f9e5-434a-b7e2-160b42ae2c3b",
    "locale": 1,
    "latest_revision": 22,
    "live": true,
    "has_unpublished_changes": false,
    "first_published_at": "2025-11-25T17:05:53.495Z",
    "last_published_at": "2025-11-25T17:05:53.495Z",
    "live_revision": 22,
    "go_live_at": null,
    "expire_at": null,
    "expired": false,
    "locked": false,
    "locked_at": null,
    "locked_by": null,
    "title": "Contacto",
    "draft_title": "Contacto",
    "slug": "contacto",
    "content_type": [
      "cms",
      "standardpage"
    ],
    "url_path": "/home/contacto/",
    "owner": null,
    "seo_title": "",
    "show_in_menus": true,
    "search_description": "",
    "latest_revision_created_at": "2025-11-25T17:05:53.482Z",
    "alias_of": null
  }
},
{
  "model": "wagtailcore.page",
  "pk": 24,
  "fields": {
    "path": "00010001000A",
    "depth": 3,
    "numchild": 0,
    "translation_key": "2c43b1d9-ae83-410c-9bed-e39157e05ee1",
    "locale": 1,
    "latest_revision": 26,
    "live": true,
    "has_unpublished_changes": false,
    "first_published_at": "2025-11-25T17:05:53.547Z",
    "last_published_at": "2025-11-26T15:05:28.926Z",
    "live_revision": 26,
    "go_live_at": null,
    "expire_at": null,
    "expired": false,
    "locked": false,
    "locked_at": null,
    "locked_by": null,
    "title": "Cómo Aplicar",
    "draft_title": "Cómo Aplicar",
    "slug": "como-aplicar",
    "content_type": [
      "cms",
      "standardpage"
    ],
    "url_path": "/home/como-aplicar/",
    "owner": null,
    "seo_title": "",
    "show_in_menus": true,
    "search_description": "",
    "latest_revision_created_at": "2025-11-26T15:05:28.900Z",
    "alias_of": null
  }
},
{
  "model": "wagtailcore.site",
  "fields": {
    "hostname": "localhost",
    "port": 8000,
    "site_name": "SEIM",
    "root_page": 3,
    "is_default_site": true
  }
},
{
  "model": "wagtailcore.revision",
  "pk": 1,
  "fields": {
    "content_type": [
      "cms",
      "homepage"
    ],
    "base_content_type": [
      "wagtailcore",
      "page"
    ],
    "object_id": "3",
    "created_at": "2025-11-25T17:05:02.461Z",
    "user": null,
    "object_str": "SEIM - Student Exchange Information Management",
    "content": {
      "pk": 3,
      "body": "[]",
      "live": true,
      "path": "00010001",
      "slug": "home",
      "depth": 2,
      "owner": null,
      "title": "SEIM - Student Exchange Information Management",
      "locale": 1,
      "locked": false,
      "expired": false,
      "alias_of": null,
      "numchild": 0,
      "og_image": null,
      "url_path": "/home/",
      "expire_at": null,
      "locked_at": null,
      "locked_by": null,
      "seo_title": "",
      "go_live_at": null,
      "hero_image": null,
      "hero_title": "Welcome to SEIM",
      "draft_title": "SEIM - Student Exchange Information Management",
      "content_type": 53,
      "canonical_url": "",
      "hero_cta_link": null,
      "hero_cta_text": "Get Started",
      "hero_subtitle": "Streamline your student exchange program management with our comprehensive platform",
      "live_revision": null,
      "show_in_menus": true,
      "latest_revision": null,
      "translation_key": "078d128b-eff1-4010-b39b-7ca0e3b710c9",
      "last_published_at": null,
      "first_published_at": null,
      "search_description": "",
      "wagtail_admin_comments": [],
      "has_unpublished_changes": false,
      "latest_revision_created_at": null
    },
    "approved_go_live_at": null
  }
},
{
  "model": "wagtailcore.revision",
  "pk": 2,
  "fields": {
    "content_type": [
      "cms",
      "blogindexpage"
    ],
    "base_content_type": [
      "wagtailcore",
      "page"
    ],
    "object_id": "4",
    "created_at": "2025-11-25T17:05:02.524Z",
    "user": null,
    "object_str": "Blog",
    "content": {
      "pk": 4,
      "live": true,
      "path": "000100010001",
      "slug": "blog",
      "depth": 3,
      "owner": null,
      "title": "Blog",
      "locale": 1,
      "locked": false,
      "expired": false,
      "alias_of": null,
      "numchild": 0,
      "og_image": null,
      "url_path": "/home/blog/",
      "expire_at": null,
      "locked_at": null,
      "locked_by": null,
      "seo_title": "",
      "go_live_at": null,
      "draft_title": "Blog",
      "content_type": 46,
      "introduction": "",
      "canonical_url": "",
      "live_revision": null,
      "show_in_menus": true,
      "latest_revision": null,
      "translation_key": "551cfbba-5c64-4304-bbe5-47075a7d2d33",
      "last_published_at": null,
      "first_published_at": null,
      "search_description": "",
      "wagtail_admin_comments": [],
      "has_unpublished_changes": false,
      "latest_revision_created_at": null
    },
    "approved_go_live_at": null
  }
},
{
  "model": "wagtailcore.revision",
  "pk": 3,
  "fields": {
    "content_type": [
      "cms",
      "programindexpage"
    ],
    "base_content_type": [
      "wagtailcore",
      "page"
    ],
    "object_id": "5",
    "created_at": "2025-11-25T17:05:02.573Z",
    "user": null,
    "object_str": "Exchange Programs",
    "content": {
      "pk": 5,
      "live": true,
      "path": "000100010002",
      "slug": "programs",
      "depth": 3,
      "owner": null,
      "title": "Exchange Programs",
      "locale": 1,
      "locked": false,
      "expired": false,
      "alias_of": null,
      "numchild": 0,
      "og_image": null,
      "url_path": "/home/programs/",
      "expire_at": null,
      "locked_at": null,
      "locked_by": null,
      "seo_title": "",
      "go_live_at": null,
      "draft_title": "Exchange Programs",
      "content_type": 54,
      "introduction": "",
      "canonical_url": "",
      "live_revision": null,
      "show_in_menus": true,
      "latest_revision": null,
      "translation_key": "c81b550b-eb70-4e19-9ee6-41b2676648d8",
      "last_published_at": null,
      "first_published_at": null,
      "search_description": "",
      "wagtail_admin_comments": [],
      "has_unpublished_changes": false,
      "latest_revision_created_at": null
    },
    "approved_go_live_at": null
  }
},
{
  "model": "wagtailcore.revision",
  "pk": 4,
  "fields": {
    "content_type": [
      "cms",
      "faqindexpage"
    ],
    "base_content_type": [
      "wagtailcore",
      "page"
    ],
    "object_id": "6",
    "created_at": "2025-11-25T17:05:02.623Z",
    "user": null,
    "object_str": "Frequently Asked Questions",
    "content": {
      "pk": 6,
      "live": true,
      "path": "000100010003",
      "slug": "faq",
      "depth": 3,
      "owner": null,
      "title": "Frequently Asked Questions",
      "locale": 1,
      "locked": false,
      "expired": false,
      "alias_of": null,
      "numchild": 0,
      "og_image": null,
      "url_path": "/home/faq/",
      "expire_at": null,
      "locked_at": null,
      "locked_by": null,
      "seo_title": "",
      "go_live_at": null,
      "draft_title": "Frequently Asked Questions",
      "content_type": 49,
      "introduction": "",
      "canonical_url": "",
      "live_revision": null,
      "show_in_menus": true,
      "latest_revision": null,
      "translation_key": "f6f02619-210a-44f5-a540-1f97aa5e39c9",
      "last_published_at": null,
      "first_published_at": null,
      "search_description": "",
      "wagtail_admin_comments": [],
      "has_unpublished_changes": false,
      "latest_revision_created_at": null
    },
    "approved_go_live_at": null
  }
},
{
  "model": "wagtailcore.revision",
  "pk": 5,
  "fields": {
    "content_type": [
      "cms",
      "standardpage"
    ],
    "base_content_type": [
      "wagtailcore",
      "page"
    ],
    "object_id": "7",
    "created_at": "2025-11-25T17:05:02.675Z",
    "user": null,
    "object_str": "About SEIM",
    "content": {
      "pk": 7,
      "body": "[]",
      "live": true,
      "path": "000100010004",
      "slug": "about",
      "depth": 3,
      "owner": null,
      "title": "About SEIM",
      "locale": 1,
      "locked": false,
      "expired": false,
      "alias_of": null,
      "numchild": 0,
      "og_image": null,
      "url_path": "/home/about/",
      "expire_at": null,
      "locked_at": null,
      "locked_by": null,
      "seo_title": "",
      "go_live_at": null,
      "draft_title": "About SEIM",
      "content_type": 56,
      "introduction": "",
      "show_sidebar": false,
      "canonical_url": "",
      "live_revision": null,
      "related_pages": [],
      "show_in_menus": true,
      "latest_revision": null,
      "sidebar_content": "",
      "translation_key": "89560f68-4873-4023-8eb1-21378a07f5b3",
      "last_published_at": null,
      "first_published_at": null,
      "search_description": "",
      "wagtail_admin_comments": [],
      "has_unpublished_changes": false,
      "latest_revision_created_at": null
    },
    "approved_go_live_at": null
  }
},
{
  "model": "wagtailcore.revision",
  "pk": 6,
  "fields": {
    "content_type": [
      "cms",
      "standardpage"
    ],
    "base_content_type": [
      "wagtailcore",
      "page"
    ],
    "object_id": "8",
    "created_at": "2025-11-25T17:05:02.727Z",
    "user": null,
    "object_str": "Contact Us",
    "content": {
      "pk": 8,
      "body": "[]",
      "live": true,
      "path": "000100010005",
      "slug": "contact",
      "depth": 3,
      "owner": null,
      "title": "Contact Us",
      "locale": 1,
      "locked": false,
      "expired": false,
      "alias_of": null,
      "numchild": 0,
      "og_image": null,
      "url_path": "/home/contact/",
      "expire_at": null,
      "locked_at": null,
      "locked_by": null,
      "seo_title": "",
      "go_live_at": null,
      "draft_title": "Contact Us",
      "content_type": 56,
      "introduction": "",
      "show_sidebar": false,
      "canonical_url": "",
      "live_revision": null,
      "related_pages": [],
      "show_in_menus": true,
      "latest_revision": null,
      "sidebar_content": "",
      "translation_key": "695770ac-5467-4d3d-b156-26885ea109d7",
      "last_published_at": null,
      "first_published_at": null,
      "search_description": "",
      "wagtail_admin_comments": [],
      "has_unpublished_changes": false,
      "latest_revision_created_at": null
    },
    "approved_go_live_at": null
  }
},
{
  "model": "wagtailcore.revision",
  "pk": 7,
  "fields": {
    "content_type": [
      "cms",
      "homepage"
    ],
    "base_content_type": [
      "wagtailcore",
      "page"
    ],
    "object_id": "3",
    "created_at": "2025-11-25T17:05:52.673Z",
    "user": null,
    "object_str": "UAdeC - Dirección de Intercambio Académico",
    "content": {
      "pk": 3,
      "body": "[]",
      "live": true,
      "path": "00010001",
      "slug": "home",
      "depth": 2,
      "owner": null,
      "title": "UAdeC - Dirección de Intercambio Académico",
      "locale": 1,
      "locked": false,
      "expired": false,
      "alias_of": null,
      "numchild": 5,
      "og_image": null,
      "url_path": "/home/",
      "expire_at": null,
      "locked_at": null,
      "locked_by": null,
      "seo_title": "",
      "go_live_at": null,
      "hero_image": null,
      "hero_title": "Bienvenido a la Dirección de Intercambio Académico",
      "draft_title": "SEIM - Student Exchange Information Management",
      "content_type": 53,
      "canonical_url": "",
      "hero_cta_link": null,
      "hero_cta_text": "Explorar Programas",
      "hero_subtitle": "Universidad Autónoma de Coahuila - Transformando vidas a través de experiencias internacionales",
      "live_revision": 1,
      "show_in_menus": true,
      "latest_revision": 1,
      "translation_key": "078d128b-eff1-4010-b39b-7ca0e3b710c9",
      "last_published_at": "2025-11-25T17:05:02.477Z",
      "first_published_at": "2025-11-25T17:05:02.477Z",
      "search_description": "",
      "wagtail_admin_comments": [],
      "has_unpublished_changes": false,
      "latest_revision_created_at": "2025-11-25T17:05:02.461Z"
    },
    "approved_go_live_at": null
  }
},
{
  "model": "wagtailcore.revision",
  "pk": 8,
  "fields": {
    "content_type": [
      "cms",
      "standardpage"
    ],
    "base_content_type": [
      "wagtailcore",
      "page"
    ],
    "object_id": "9",
    "created_at": "2025-11-25T17:05:52.746Z",
    "user": null,
    "object_str": "Sobre la Dirección de Intercambio Académico",
    "content": {
      "pk": 9,
      "body": "[]",
      "live": true,
      "path": "000100010006",
      "slug": "sobre-nosotros",
      "depth": 3,
      "owner": null,
      "title": "Sobre la Dirección de Intercambio Académico",
      "locale": 1,
      "locked": false,
      "expired": false,
      "alias_of": null,
      "numchild": 0,
      "og_image": null,
      "url_path": "/home/sobre-nosotros/",
      "expire_at": null,
      "locked_at": null,
      "locked_by": null,
      "seo_title": "",
      "go_live_at": null,
      "draft_title": "Sobre la Dirección de Intercambio Académico",
      "content_type": 56,
      "introduction": "",
      "show_sidebar": false,
      "canonical_url": "",
      "live_revision": null,
      "related_pages": [],
      "show_in_menus": true,
      "latest_revision": null,
      "sidebar_content": "",
      "translation_key": "d8b9ee49-bf63-4897-9a7e-aa73e3e251b4",
      "last_published_at": null,
      "first_published_at": null,
      "search_description": "",
      "wagtail_admin_comments": [],
      "has_unpublished_changes": false,
      "latest_revision_created_at": null
    },
    "approved_go_live_at": null
  }
},
{
  "model": "wagtailcore.revision",
  "pk": 9,
  "fields": {
    "content_type": [
      "cms",
      "blogpostpage"
    ],
    "base_content_type": [
      "wagtailcore",
      "page"
    ],
    "object_id": "10",
    "created_at": "2025-11-25T17:05:52.816Z",
    "user": null,
    "object_str": "Mi Semestre en la Universidad de Salamanca",
    "content": {
      "pk": 10,
      "body": "[]",
      "live": true,
      "path": "0001000100010001",
      "slug": "semestre-salamanca",
      "depth": 4,
      "owner": null,
      "title": "Mi Semestre en la Universidad de Salamanca",
      "author": null,
      "locale": 1,
      "locked": false,
      "expired": false,
      "alias_of": null,
      "numchild": 0,
      "og_image": null,
      "url_path": "/home/blog/semestre-salamanca/",
      "expire_at": null,
      "locked_at": null,
      "locked_by": null,
      "seo_title": "",
      "categories": [
        1
      ],
      "go_live_at": null,
      "draft_title": "Mi Semestre en la Universidad de Salamanca",
      "content_type": 47,
      "introduction": "Una experiencia transformadora estudiando en una de las universidades más antiguas de Europa.",
      "tagged_items": [],
      "canonical_url": "",
      "live_revision": null,
      "show_in_menus": false,
      "featured_image": null,
      "published_date": "2025-11-25",
      "latest_revision": null,
      "translation_key": "d1cd7d6a-d002-4cb5-9510-357835fa9e7f",
      "last_published_at": null,
      "first_published_at": null,
      "search_description": "",
      "wagtail_admin_comments": [],
      "has_unpublished_changes": false,
      "latest_revision_created_at": null
    },
    "approved_go_live_at": null
  }
},
{
  "model": "wagtailcore.revision",
  "pk": 10,
  "fields": {
    "content_type": [
      "cms",
      "blogpostpage"
    ],
    "base_content_type": [
      "wagtailcore",
      "page"
    ],
    "object_id": "11",
    "created_at": "2025-11-25T17:05:52.871Z",
    "user": null,
    "object_str": "Convocatoria Abierta: Intercambio Primavera 2026",
    "content": {
      "pk": 11,
      "body": "[]",
      "live": true,
      "path": "0001000100010002",
      "slug": "convocatoria-primavera-2026",
      "depth": 4,
      "owner": null,
      "title": "Convocatoria Abierta: Intercambio Primavera 2026",
      "author": null,
      "locale": 1,
      "locked": false,
      "expired": false,
      "alias_of": null,
      "numchild": 0,
      "og_image": null,
      "url_path": "/home/blog/convocatoria-primavera-2026/",
      "expire_at": null,
      "locked_at": null,
      "locked_by": null,
      "seo_title": "",
      "categories": [
        2
      ],
      "go_live_at": null,
      "draft_title": "Convocatoria Abierta: Intercambio Primavera 2026",
      "content_type": 47,
      "introduction": "Ya están abiertas las aplicaciones para el programa de intercambio del semestre Primavera 2026.",
      "tagged_items": [],
      "canonical_url": "",
      "live_revision": null,
      "show_in_menus": false,
      "featured_image": null,
      "published_date": "2025-11-25",
      "latest_revision": null,
      "translation_key": "631ccd55-e48d-4ae0-b592-818d33c12fab",
      "last_published_at": null,
      "first_published_at": null,
      "search_description": "",
      "wagtail_admin_comments": [],
      "has_unpublished_changes": false,
      "latest_revision_created_at": null
    },
    "approved_go_live_at": null
  }
},
{
  "model": "wagtailcore.revision",
  "pk": 11,
  "fields": {
    "content_type": [
      "cms",
      "blogpostpage"
    ],
    "base_content_type": [
      "wagtailcore",
      "page"
    ],
    "object_id": "12",
    "created_at": "2025-11-25T17:05:52.927Z",
    "user": null,
    "object_str": "10 Consejos para Preparar tu Intercambio",
    "content": {
      "pk": 12,
      "body": "[]",
      "live": true,
      "path": "0001000100010003",
      "slug": "consejos-preparar-intercambio",
      "depth": 4,
      "owner": null,
      "title": "10 Consejos para Preparar tu Intercambio",
      "author": null,
      "locale": 1,
      "locked": false,
      "expired": false,
      "alias_of": null,
      "numchild": 0,
      "og_image": null,
      "url_path": "/home/blog/consejos-preparar-intercambio/",
      "expire_at": null,
      "locked_at": null,
      "locked_by": null,
      "seo_title": "",
      "categories": [
        3
      ],
      "go_live_at": null,
      "draft_title": "10 Consejos para Preparar tu Intercambio",
      "content_type": 47,
      "introduction": "Guía práctica para prepararte antes de tu experiencia internacional.",
      "tagged_items": [],
      "canonical_url": "",
      "live_revision": null,
      "show_in_menus": false,
      "featured_image": null,
      "published_date": "2025-11-25",
      "latest_revision": null,
      "translation_key": "fd069c3d-d12c-42a3-9c4e-51b192b3126b",
      "last_published_at": null,
      "first_published_at": null,
      "search_description": "",
      "wagtail_admin_comments": [],
      "has_unpublished_changes": false,
      "latest_revision_created_at": null
    },
    "approved_go_live_at": null
  }
},
{
  "model": "wagtailcore.revision",
  "pk": 12,
  "fields": {
    "content_type": [
      "cms",
      "programindexpage"
    ],
    "base_content_type": [
      "wagtailcore",
      "page"
    ],
    "object_id": "13",
    "created_at": "2025-11-25T17:05:52.983Z",
    "user": null,
    "object_str": "Programas de Intercambio",
    "content": {
      "pk": 13,
      "live": true,
      "path": "000100010007",
      "slug": "programas",
      "depth": 3,
      "owner": null,
      "title": "Programas de Intercambio",
      "locale": 1,
      "locked": false,
      "expired": false,
      "alias_of": null,
      "numchild": 0,
      "og_image": null,
      "url_path": "/home/programas/",
      "expire_at": null,
      "locked_at": null,
      "locked_by": null,
      "seo_title": "",
      "go_live_at": null,
      "draft_title": "Programas de Intercambio",
      "content_type": 54,
      "introduction": "",
      "canonical_url": "",
      "live_revision": null,
      "show_in_menus": true,
      "latest_revision": null,
      "translation_key": "d937e059-2375-416e-aa81-13245f438006",
      "last_published_at": null,
      "first_published_at": null,
      "search_description": "",
      "wagtail_admin_comments": [],
      "has_unpublished_changes": false,
      "latest_revision_created_at": null
    },
    "approved_go_live_at": null
  }
},
{
  "model": "wagtailcore.revision",
  "pk": 13,
  "fields": {
    "content_type": [
      "cms",
      "programpage"
    ],
    "base_content_type": [
      "wagtailcore",
      "page"
    ],
    "object_id": "14",
    "created_at": "2025-11-25T17:05:53.033Z",
    "user": null,
    "object_str": "Universidad de Salamanca - España",
    "content": {
      "pk": 14,
      "body": "[]",
      "live": true,
      "path": "0001000100070001",
      "slug": "salamanca-espana",
      "depth": 4,
      "owner": null,
      "title": "Universidad de Salamanca - España",
      "locale": 1,
      "locked": false,
      "expired": false,
      "program": null,
      "alias_of": null,
      "duration": "1 semestre (5-6 meses)",
      "language": "",
      "location": "Salamanca, España",
      "numchild": 0,
      "og_image": null,
      "url_path": "/home/programas/salamanca-espana/",
      "expire_at": null,
      "locked_at": null,
      "locked_by": null,
      "seo_title": "",
      "go_live_at": null,
      "draft_title": "Universidad de Salamanca - España",
      "content_type": 55,
      "introduction": "Estudia en una de las universidades más antiguas y prestigiosas de Europa, fundada en 1218.",
      "canonical_url": "",
      "live_revision": null,
      "show_in_menus": false,
      "featured_image": null,
      "latest_revision": null,
      "translation_key": "732ad3f5-074c-425c-aec8-55b6edc367d7",
      "last_published_at": null,
      "first_published_at": null,
      "search_description": "",
      "application_deadline": null,
      "wagtail_admin_comments": [],
      "has_unpublished_changes": false,
      "latest_revision_created_at": null
    },
    "approved_go_live_at": null
  }
},
{
  "model": "wagtailcore.revision",
  "pk": 14,
  "fields": {
    "content_type": [
      "cms",
      "programpage"
    ],
    "base_content_type": [
      "wagtailcore",
      "page"
    ],
    "object_id": "15",
    "created_at": "2025-11-25T17:05:53.084Z",
    "user": null,
    "object_str": "Texas A&M University - Estados Unidos",
    "content": {
      "pk": 15,
      "body": "[]",
      "live": true,
      "path": "0001000100070002",
      "slug": "texas-am-usa",
      "depth": 4,
      "owner": null,
      "title": "Texas A&M University - Estados Unidos",
      "locale": 1,
      "locked": false,
      "expired": false,
      "program": null,
      "alias_of": null,
      "duration": "1 semestre (4-5 meses)",
      "language": "",
      "location": "College Station, Texas, USA",
      "numchild": 0,
      "og_image": null,
      "url_path": "/home/programas/texas-am-usa/",
      "expire_at": null,
      "locked_at": null,
      "locked_by": null,
      "seo_title": "",
      "go_live_at": null,
      "draft_title": "Texas A&M University - Estados Unidos",
      "content_type": 55,
      "introduction": "Una de las universidades públicas más grandes de Estados Unidos con excelencia en ingeniería y ciencias.",
      "canonical_url": "",
      "live_revision": null,
      "show_in_menus": false,
      "featured_image": null,
      "latest_revision": null,
      "translation_key": "b4bbea46-5bc3-4873-95b3-223817325034",
      "last_published_at": null,
      "first_published_at": null,
      "search_description": "",
      "application_deadline": null,
      "wagtail_admin_comments": [],
      "has_unpublished_changes": false,
      "latest_revision_created_at": null
    },
    "approved_go_live_at": null
  }
},
{
  "model": "wagtailcore.revision",
  "pk": 15,
  "fields": {
    "content_type": [
      "cms",
      "programpage"
    ],
    "base_content_type": [
      "wagtailcore",
      "page"
    ],
    "object_id": "16",
    "created_at": "2025-11-25T17:05:53.136Z",
    "user": null,
    "object_str": "Università di Bologna - Italia",
    "content": {
      "pk": 16,
      "body": "[]",
      "live": true,
      "path": "0001000100070003",
      "slug": "bologna-italia",
      "depth": 4,
      "owner": null,
      "title": "Università di Bologna - Italia",
      "locale": 1,
      "locked": false,
      "expired": false,
      "program": null,
      "alias_of": null,
      "duration": "1 semestre (5 meses)",
      "language": "",
      "location": "Bologna, Italia",
      "numchild": 0,
      "og_image": null,
      "url_path": "/home/programas/bologna-italia/",
      "expire_at": null,
      "locked_at": null,
      "locked_by": null,
      "seo_title": "",
      "go_live_at": null,
      "draft_title": "Università di Bologna - Italia",
      "content_type": 55,
      "introduction": "La universidad más antigua del mundo occidental, fundada en 1088.",
      "canonical_url": "",
      "live_revision": null,
      "show_in_menus": false,
      "featured_image": null,
      "latest_revision": null,
      "translation_key": "ac3df1ea-89da-4d5e-8854-14c7089c3dea",
      "last_published_at": null,
      "first_published_at": null,
      "search_description": "",
      "application_deadline": null,
      "wagtail_admin_comments": [],
      "has_unpublished_changes": false,
      "latest_revision_created_at": null
    },
    "approved_go_live_at": null
  }
},
{
  "model": "wagtailcore.revision",
  "pk": 16,
  "fields": {
    "content_type": [
      "cms",
      "faqindexpage"
    ],
    "base_content_type": [
      "wagtailcore",
      "page"
    ],
    "object_id": "17",
    "created_at": "2025-11-25T17:05:53.186Z",
    "user": null,
    "object_str": "Preguntas Frecuentes",
    "content": {
      "pk": 17,
      "live": true,
      "path": "000100010008",
      "slug": "preguntas-frecuentes",
      "depth": 3,
      "owner": null,
      "title": "Preguntas Frecuentes",
      "locale": 1,
      "locked": false,
      "expired": false,
      "alias_of": null,
      "numchild": 0,
      "og_image": null,
      "url_path": "/home/preguntas-frecuentes/",
      "expire_at": null,
      "locked_at": null,
      "locked_by": null,
      "seo_title": "",
      "go_live_at": null,
      "draft_title": "Preguntas Frecuentes",
      "content_type": 49,
      "introduction": "",
      "canonical_url": "",
      "live_revision": null,
      "show_in_menus": true,
      "latest_revision": null,
      "translation_key": "c9ad3221-b67e-4fd1-9911-77011899a4c7",
      "last_published_at": null,
      "first_published_at": null,
      "search_description": "",
      "wagtail_admin_comments": [],
      "has_unpublished_changes": false,
      "latest_revision_created_at": null
    },
    "approved_go_live_at": null
  }
},
{
  "model": "wagtailcore.revision",
  "pk": 17,
  "fields": {
    "content_type": [
      "cms",
      "faqpage"
    ],
    "base_content_type": [
      "wagtailcore",
      "page"
    ],
    "object_id": "18",
    "created_at": "2025-11-25T17:05:53.234Z",
    "user": null,
    "object_str": "¿Cuáles son los requisitos para aplicar?",
    "content": {
      "pk": 18,
      "body": "[]",
      "live": true,
      "path": "0001000100080001",
      "slug": "requisitos-aplicar",
      "depth": 4,
      "owner": null,
      "title": "¿Cuáles son los requisitos para aplicar?",
      "locale": 1,
      "locked": false,
      "expired": false,
      "alias_of": null,
      "numchild": 0,
      "og_image": null,
      "url_path": "/home/preguntas-frecuentes/requisitos-aplicar/",
      "expire_at": null,
      "locked_at": null,
      "locked_by": null,
      "seo_title": "",
      "go_live_at": null,
      "draft_title": "¿Cuáles son los requisitos para aplicar?",
      "content_type": 50,
      "introduction": "",
      "canonical_url": "",
      "live_revision": null,
      "show_in_menus": false,
      "latest_revision": null,
      "translation_key": "9fa62a05-30df-423c-948c-c11012fbc516",
      "last_published_at": null,
      "first_published_at": null,
      "search_description": "",
      "wagtail_admin_comments": [],
      "has_unpublished_changes": false,
      "latest_revision_created_at": null
    },
    "approved_go_live_at": null
  }
},
{
  "model": "wagtailcore.revision",
  "pk": 18,
  "fields": {
    "content_type": [
      "cms",
      "faqpage"
    ],
    "base_content_type": [
      "wagtailcore",
      "page"
    ],
    "object_id": "19",
    "created_at": "2025-11-25T17:05:53.283Z",
    "user": null,
    "object_str": "¿Cuánto cuesta participar en un intercambio?",
    "content": {
      "pk": 19,
      "body": "[]",
      "live": true,
      "path": "0001000100080002",
      "slug": "costo-intercambio",
      "depth": 4,
      "owner": null,
      "title": "¿Cuánto cuesta participar en un intercambio?",
      "locale": 1,
      "locked": false,
      "expired": false,
      "alias_of": null,
      "numchild": 0,
      "og_image": null,
      "url_path": "/home/preguntas-frecuentes/costo-intercambio/",
      "expire_at": null,
      "locked_at": null,
      "locked_by": null,
      "seo_title": "",
      "go_live_at": null,
      "draft_title": "¿Cuánto cuesta participar en un intercambio?",
      "content_type": 50,
      "introduction": "",
      "canonical_url": "",
      "live_revision": null,
      "show_in_menus": false,
      "latest_revision": null,
      "translation_key": "6b646d67-e895-467c-b1e3-bda7346ac2f2",
      "last_published_at": null,
      "first_published_at": null,
      "search_description": "",
      "wagtail_admin_comments": [],
      "has_unpublished_changes": false,
      "latest_revision_created_at": null
    },
    "approved_go_live_at": null
  }
},
{
  "model": "wagtailcore.revision",
  "pk": 19,
  "fields": {
    "content_type": [
      "cms",
      "faqpage"
    ],
    "base_content_type": [
      "wagtailcore",
      "page"
    ],
    "object_id": "20",
    "created_at": "2025-11-25T17:05:53.332Z",
    "user": null,
    "object_str": "¿Mis créditos serán revalidados?",
    "content": {
      "pk": 20,
      "body": "[]",
      "live": true,
      "path": "0001000100080003",
      "slug": "revalidacion-creditos",
      "depth": 4,
      "owner": null,
      "title": "¿Mis créditos serán revalidados?",
      "locale": 1,
      "locked": false,
      "expired": false,
      "alias_of": null,
      "numchild": 0,
      "og_image": null,
      "url_path": "/home/preguntas-frecuentes/revalidacion-creditos/",
      "expire_at": null,
      "locked_at": null,
      "locked_by": null,
      "seo_title": "",
      "go_live_at": null,
      "draft_title": "¿Mis créditos serán revalidados?",
      "content_type": 50,
      "introduction": "",
      "canonical_url": "",
      "live_revision": null,
      "show_in_menus": false,
      "latest_revision": null,
      "translation_key": "0b857862-d831-45f1-b818-476f77612084",
      "last_published_at": null,
      "first_published_at": null,
      "search_description": "",
      "wagtail_admin_comments": [],
      "has_unpublished_changes": false,
      "latest_revision_created_at": null
    },
    "approved_go_live_at": null
  }
},
{
  "model": "wagtailcore.revision",
  "pk": 20,
  "fields": {
    "content_type": [
      "cms",
      "faqpage"
    ],
    "base_content_type": [
      "wagtailcore",
      "page"
    ],
    "object_id": "21",
    "created_at": "2025-11-25T17:05:53.382Z",
    "user": null,
    "object_str": "¿Puedo trabajar durante mi intercambio?",
    "content": {
      "pk": 21,
      "body": "[]",
      "live": true,
      "path": "0001000100080004",
      "slug": "trabajar-intercambio",
      "depth": 4,
      "owner": null,
      "title": "¿Puedo trabajar durante mi intercambio?",
      "locale": 1,
      "locked": false,
      "expired": false,
      "alias_of": null,
      "numchild": 0,
      "og_image": null,
      "url_path": "/home/preguntas-frecuentes/trabajar-intercambio/",
      "expire_at": null,
      "locked_at": null,
      "locked_by": null,
      "seo_title": "",
      "go_live_at": null,
      "draft_title": "¿Puedo trabajar durante mi intercambio?",
      "content_type": 50,
      "introduction": "",
      "canonical_url": "",
      "live_revision": null,
      "show_in_menus": false,
      "latest_revision": null,
      "translation_key": "7409bff6-dc42-4f9c-8931-9209d89099d9",
      "last_published_at": null,
      "first_published_at": null,
      "search_description": "",
      "wagtail_admin_comments": [],
      "has_unpublished_changes": false,
      "latest_revision_created_at": null
    },
    "approved_go_live_at": null
  }
},
{
  "model": "wagtailcore.revision",
  "pk": 21,
  "fields": {
    "content_type": [
      "cms",
      "faqpage"
    ],
    "base_content_type": [
      "wagtailcore",
      "page"
    ],
    "object_id": "22",
    "created_at": "2025-11-25T17:05:53.432Z",
    "user": null,
    "object_str": "¿Qué pasa si tengo una emergencia en el extranjero?",
    "content": {
      "pk": 22,
      "body": "[]",
      "live": true,
      "path": "0001000100080005",
      "slug": "emergencia-extranjero",
      "depth": 4,
      "owner": null,
      "title": "¿Qué pasa si tengo una emergencia en el extranjero?",
      "locale": 1,
      "locked": false,
      "expired": false,
      "alias_of": null,
      "numchild": 0,
      "og_image": null,
      "url_path": "/home/preguntas-frecuentes/emergencia-extranjero/",
      "expire_at": null,
      "locked_at": null,
      "locked_by": null,
      "seo_title": "",
      "go_live_at": null,
      "draft_title": "¿Qué pasa si tengo una emergencia en el extranjero?",
      "content_type": 50,
      "introduction": "",
      "canonical_url": "",
      "live_revision": null,
      "show_in_menus": false,
      "latest_revision": null,
      "translation_key": "4de7e10b-0ae3-440f-aab6-c1c4f73f535e",
      "last_published_at": null,
      "first_published_at": null,
      "search_description": "",
      "wagtail_admin_comments": [],
      "has_unpublished_changes": false,
      "latest_revision_created_at": null
    },
    "approved_go_live_at": null
  }
},
{
  "model": "wagtailcore.revision",
  "pk": 22,
  "fields": {
    "content_type": [
      "cms",
      "standardpage"
    ],
    "base_content_type": [
      "wagtailcore",
      "page"
    ],
    "object_id": "23",
    "created_at": "2025-11-25T17:05:53.482Z",
    "user": null,
    "object_str": "Contacto",
    "content": {
      "pk": 23,
      "body": "[]",
      "live": true,
      "path": "000100010009",
      "slug": "contacto",
      "depth": 3,
      "owner": null,
      "title": "Contacto",
      "locale": 1,
      "locked": false,
      "expired": false,
      "alias_of": null,
      "numchild": 0,
      "og_image": null,
      "url_path": "/home/contacto/",
      "expire_at": null,
      "locked_at": null,
      "locked_by": null,
      "seo_title": "",
      "go_live_at": null,
      "draft_title": "Contacto",
      "content_type": 56,
      "introduction": "",
      "show_sidebar": false,
      "canonical_url": "",
      "live_revision": null,
      "related_pages": [],
      "show_in_menus": true,
      "latest_revision": null,
      "sidebar_content": "",
      "translation_key": "c487ff30-f9e5-434a-b7e2-160b42ae2c3b",
      "last_published_at": null,
      "first_published_at": null,
      "search_description": "",
      "wagtail_admin_comments": [],
      "has_unpublished_changes": false,
      "latest_revision_created_at": null
    },
    "approved_go_live_at": null
  }
},
{
  "model": "wagtailcore.revision",
  "pk": 23,
  "fields": {
    "content_type": [
      "cms",
      "standardpage"
    ],
    "base_content_type": [
      "wagtailcore",
      "page"
    ],
    "object_id": "24",
    "created_at": "2025-11-25T17:05:53.534Z",
    "user": null,
    "object_str": "Proceso de Aplicación",
    "content": {
      "pk": 24,
      "body": "[]",
      "live": true,
      "path": "00010001000A",
      "slug": "proceso-aplicacion",
      "depth": 3,
      "owner": null,
      "title": "Proceso de Aplicación",
      "locale": 1,
      "locked": false,
      "expired": false,
      "alias_of": null,
      "numchild": 0,
      "og_image": null,
      "url_path": "/home/proceso-aplicacion/",
      "expire_at": null,
      "locked_at": null,
      "locked_by": null,
      "seo_title": "",
      "go_live_at": null,
      "draft_title": "Proceso de Aplicación",
      "content_type": 56,
      "introduction": "",
      "show_sidebar": false,
      "canonical_url": "",
      "live_revision": null,
      "related_pages": [],
      "show_in_menus": true,
      "latest_revision": null,
      "sidebar_content": "",
      "translation_key": "2c43b1d9-ae83-410c-9bed-e39157e05ee1",
      "last_published_at": null,
      "first_published_at": null,
      "search_description": "",
      "wagtail_admin_comments": [],
      "has_unpublished_changes": false,
      "latest_revision_created_at": null
    },
    "approved_go_live_at": null
  }
},
{
  "model": "wagtailcore.revision",
  "pk": 24,
  "fields": {
    "content_type": [
      "cms",
      "homepage"
    ],
    "base_content_type": [
      "wagtailcore",
      "page"
    ],
    "object_id": "3",
    "created_at": "2025-11-25T17:05:56.269Z",
    "user": null,
    "object_str": "UAdeC - Dirección de Intercambio Académico",
    "content": {
      "pk": 3,
      "body": "[{\"type\": \"hero\", \"value\": {\"title\": \"Vive una Experiencia Internacional\", \"subtitle\": \"Ampl\\u00eda tus horizontes acad\\u00e9micos y culturales con nuestros programas de intercambio\", \"background_color\": \"primary\", \"button_text\": \"Ver Programas\", \"button_link\": \"http://localhost:8000/programas/\"}, \"id\": \"61fff58f-69a1-4aa3-862b-10f09f82de15\"}, {\"type\": \"card_grid\", \"value\": {\"heading\": \"\\u00bfPor qu\\u00e9 elegir un intercambio acad\\u00e9mico?\", \"subheading\": \"Beneficios para tu desarrollo acad\\u00e9mico y profesional\", \"columns\": \"3\", \"cards\": [{\"icon\": \"bi-globe2\", \"title\": \"Experiencia Internacional\", \"text\": \"Estudia en universidades prestigiosas de Europa y Am\\u00e9rica, ampliando tu perspectiva global y enriqueciendo tu perfil profesional.\", \"link\": \"/sobre-nosotros/\", \"link_text\": \"Conoce m\\u00e1s\"}, {\"icon\": \"bi-mortarboard\", \"title\": \"Cr\\u00e9ditos Revalidables\", \"text\": \"Todas las materias cursadas en el extranjero son revalidadas autom\\u00e1ticamente. Tu progreso acad\\u00e9mico contin\\u00faa sin interrupciones.\", \"link\": \"/preguntas-frecuentes/\", \"link_text\": \"Ver FAQs\"}, {\"icon\": \"bi-people\", \"title\": \"Apoyo Integral\", \"text\": \"Desde la aplicaci\\u00f3n hasta tu regreso, te acompa\\u00f1amos en cada paso. Orientaci\\u00f3n acad\\u00e9mica, tr\\u00e1mites y soporte constante.\", \"link\": \"/contacto/\", \"link_text\": \"Contacta\"}, {\"icon\": \"bi-currency-dollar\", \"title\": \"Becas Disponibles\", \"text\": \"Accede a becas y apoyos econ\\u00f3micos para estudiantes destacados. No dejes que el costo sea una barrera.\", \"link\": \"/proceso-aplicacion/\", \"link_text\": \"Aplicar\"}, {\"icon\": \"bi-translate\", \"title\": \"Desarrollo de Idiomas\", \"text\": \"Perfecciona ingl\\u00e9s, italiano, franc\\u00e9s u otros idiomas mientras estudias. Inmersi\\u00f3n total en el idioma y cultura.\", \"link\": \"/programas/\", \"link_text\": \"Ver destinos\"}, {\"icon\": \"bi-briefcase\", \"title\": \"Ventaja Competitiva\", \"text\": \"Difer\\u00e9nciate en el mercado laboral. Los empleadores valoran altamente la experiencia internacional.\", \"link\": \"/blog/\", \"link_text\": \"Experiencias\"}]}, \"id\": \"da947944-d5ee-41f2-ac09-e89bedf1435b\"}, {\"type\": \"call_to_action\", \"value\": {\"title\": \"\\ud83d\\udce2 \\u00a1Convocatoria Abierta para Primavera 2026!\", \"text\": \"Las aplicaciones est\\u00e1n abiertas hasta el 15 de enero de 2026. No pierdas esta oportunidad \\u00fanica de estudiar en el extranjero.\", \"button_text\": \"Ver Convocatoria\", \"button_link\": \"http://localhost:8000/blog/\", \"style\": \"success\"}, \"id\": \"ca4f70d9-c3ab-41f7-bb60-32af1a646570\"}, {\"type\": \"process_steps\", \"value\": {\"heading\": \"\\u00bfC\\u00f3mo aplicar?\", \"subheading\": \"Sigue estos simples pasos para iniciar tu aventura internacional\", \"steps\": [{\"number\": \"1\", \"title\": \"Inf\\u00f3rmate\", \"description\": \"Consulta los programas disponibles, requisitos y destinos. Asiste a nuestras sesiones informativas.\", \"icon\": \"bi-info-circle\"}, {\"number\": \"2\", \"title\": \"Prepara Documentos\", \"description\": \"Re\\u00fane tu historial acad\\u00e9mico, cartas de recomendaci\\u00f3n, certificados de idioma y carta de motivos.\", \"icon\": \"bi-file-earmark-text\"}, {\"number\": \"3\", \"title\": \"Aplica en L\\u00ednea\", \"description\": \"Completa el formulario de aplicaci\\u00f3n en nuestro sistema. Aseg\\u00farate de incluir toda la informaci\\u00f3n.\", \"icon\": \"bi-laptop\"}, {\"number\": \"4\", \"title\": \"Evaluaci\\u00f3n\", \"description\": \"El comit\\u00e9 evaluar\\u00e1 tu solicitud. Recibir\\u00e1s notificaci\\u00f3n de resultados en las fechas establecidas.\", \"icon\": \"bi-clipboard-check\"}, {\"number\": \"5\", \"title\": \"Preparativos\", \"description\": \"Una vez aceptado, realiza tr\\u00e1mites de visa, seguro m\\u00e9dico y documentaci\\u00f3n migratoria.\", \"icon\": \"bi-airplane\"}, {\"number\": \"6\", \"title\": \"\\u00a1Viaja!\", \"description\": \"Inicia tu experiencia internacional. Te acompa\\u00f1aremos durante toda tu estancia.\", \"icon\": \"bi-star\"}]}, \"id\": \"ac3f449d-f96f-4083-85c3-5311c24034ee\"}, {\"type\": \"testimonial\", \"value\": {\"quote\": \"Mi experiencia en la Universidad de Salamanca cambi\\u00f3 mi vida. No solo mejor\\u00e9 mi nivel acad\\u00e9mico, sino que hice amigos de todo el mundo y descubr\\u00ed una nueva perspectiva de mi carrera. Fue la mejor decisi\\u00f3n que pude tomar.\", \"author\": \"Mar\\u00eda Rodr\\u00edguez\", \"author_title\": \"Estudiante de Relaciones Internacionales - Intercambio en Espa\\u00f1a 2024\"}, \"id\": \"a6878836-76e6-47aa-8d40-afb569f320ab\"}, {\"type\": \"faq\", \"value\": {\"heading\": \"Preguntas Frecuentes\", \"items\": [{\"question\": \"\\u00bfCu\\u00e1l es el promedio m\\u00ednimo requerido?\", \"answer\": \"<p>El promedio m\\u00ednimo general es de 8.0, aunque algunos programas pueden requerir 8.5 o m\\u00e1s. Revisa los requisitos espec\\u00edficos de cada destino.</p>\"}, {\"question\": \"\\u00bfNecesito saber el idioma del pa\\u00eds?\", \"answer\": \"<p>S\\u00ed, debes demostrar un nivel intermedio o avanzado del idioma. Para ingl\\u00e9s: TOEFL 79+ o IELTS 6.5+. Para espa\\u00f1ol: DELE B2. Para otros idiomas, consulta los requisitos espec\\u00edficos.</p>\"}, {\"question\": \"\\u00bfCu\\u00e1nto tiempo dura un intercambio?\", \"answer\": \"<p>La mayor\\u00eda de nuestros programas son de un semestre (4-6 meses). Algunos programas tambi\\u00e9n ofrecen estancias de verano (2-3 meses).</p>\"}, {\"question\": \"\\u00bfPuedo elegir mis materias en el extranjero?\", \"answer\": \"<p>S\\u00ed, pero deben ser aprobadas previamente por tu coordinador de carrera para asegurar su equivalencia y revalidaci\\u00f3n.</p>\"}]}, \"id\": \"09838510-f003-4029-8302-a2647a0a64e1\"}, {\"type\": \"call_to_action\", \"value\": {\"title\": \"\\u00bfListo para tu aventura internacional?\", \"text\": \"Aprende c\\u00f3mo crear tu cuenta y enviar tu solicitud de intercambio. Te guiamos paso a paso en el proceso.\", \"button_text\": \"\\u00bfC\\u00f3mo Aplicar?\", \"button_link\": \"http://localhost:8000/como-aplicar/\", \"style\": \"primary\"}, \"id\": \"40e94732-605b-4350-9708-a57d1eab3ccb\"}]",
      "live": true,
      "path": "00010001",
      "slug": "home",
      "depth": 2,
      "owner": null,
      "title": "UAdeC - Dirección de Intercambio Académico",
      "locale": 1,
      "locked": false,
      "expired": false,
      "alias_of": null,
      "numchild": 10,
      "og_image": null,
      "url_path": "/home/",
      "expire_at": null,
      "locked_at": null,
      "locked_by": null,
      "seo_title": "",
      "go_live_at": null,
      "hero_image": null,
      "hero_title": "Bienvenido a la Dirección de Intercambio Académico",
      "draft_title": "UAdeC - Dirección de Intercambio Académico",
      "content_type": 53,
      "canonical_url": "",
      "hero_cta_link": null,
      "hero_cta_text": "Explorar Programas",
      "hero_subtitle": "Universidad Autónoma de Coahuila - Transformando vidas a través de experiencias internacionales",
      "live_revision": 7,
      "show_in_menus": true,
      "latest_revision": 7,
      "translation_key": "078d128b-eff1-4010-b39b-7ca0e3b710c9",
      "last_published_at": "2025-11-25T17:05:52.699Z",
      "first_published_at": "2025-11-25T17:05:02.477Z",
      "search_description": "",
      "wagtail_admin_comments": [],
      "has_unpublished_changes": false,
      "latest_revision_created_at": "2025-11-25T17:05:52.673Z"
    },
    "approved_go_live_at": null
  }
},
{
  "model": "wagtailcore.revision",
  "pk": 25,
  "fields": {
    "content_type": [
      "cms",
      "standardpage"
    ],
    "base_content_type": [
      "wagtailcore",
      "page"
    ],
    "object_id": "24",
    "created_at": "2025-11-25T17:19:11.929Z",
    "user": null,
    "object_str": "Cómo Aplicar",
    "content": {
      "pk": 24,
      "body": "[]",
      "live": true,
      "path": "00010001000A",
      "slug": "como-aplicar",
      "depth": 3,
      "owner": null,
      "title": "Cómo Aplicar",
      "locale": 1,
      "locked": false,
      "expired": false,
      "alias_of": null,
      "numchild": 0,
      "og_image": null,
      "url_path": "/home/como-aplicar/",
      "expire_at": null,
      "locked_at": null,
      "locked_by": null,
      "seo_title": "",
      "go_live_at": null,
      "draft_title": "Proceso de Aplicación",
      "content_type": 56,
      "introduction": "",
      "show_sidebar": false,
      "canonical_url": "",
      "live_revision": 23,
      "related_pages": [],
      "show_in_menus": true,
      "latest_revision": 23,
      "sidebar_content": "",
      "translation_key": "2c43b1d9-ae83-410c-9bed-e39157e05ee1",
      "last_published_at": "2025-11-25T17:05:53.547Z",
      "first_published_at": "2025-11-25T17:05:53.547Z",
      "search_description": "",
      "wagtail_admin_comments": [],
      "has_unpublished_changes": false,
      "latest_revision_created_at": "2025-11-25T17:05:53.534Z"
    },
    "approved_go_live_at": null
  }
},
{
  "model": "wagtailcore.revision",
  "pk": 26,
  "fields": {
    "content_type": [
      "cms",
      "standardpage"
    ],
    "base_content_type": [
      "wagtailcore",
      "page"
    ],
    "object_id": "24",
    "created_at": "2025-11-26T15:05:28.900Z",
    "user": null,
    "object_str": "Cómo Aplicar",
    "content": {
      "pk": 24,
      "body": "[{\"type\": \"rich_text\", \"value\": {\"content\": \"<h2>Proceso de Aplicaci\\u00f3n</h2><p>Para aplicar a un programa de intercambio acad\\u00e9mico de la UAdeC, sigue estos pasos:</p>\"}, \"id\": \"16acceb0-f8da-46bf-a81d-9ab8998bc3d4\"}, {\"type\": \"rich_text\", \"value\": {\"content\": \"<h3>1. Crea tu Cuenta en SEIM</h3><p>El primer paso es registrarte en nuestro Sistema de Intercambio Estudiantil y Movilidad (SEIM). Necesitar\\u00e1s tu correo institucional de la UAdeC para crear tu cuenta.</p>\"}, \"id\": \"e13b61c1-994f-411d-bd35-60c269056122\"}, {\"type\": \"call_to_action\", \"value\": {\"title\": \"\\u00bfA\\u00fan no tienes cuenta?\", \"text\": \"Reg\\u00edstrate ahora en SEIM para comenzar tu solicitud de intercambio.\", \"button_text\": \"Crear Cuenta\", \"button_link\": \"/accounts/register/\", \"button_page\": null, \"style\": \"primary\"}, \"id\": \"67d6a1c4-2c68-414a-9e81-247ac3b97975\"}, {\"type\": \"rich_text\", \"value\": {\"content\": \"<h3>2. Completa tu Perfil</h3><p>Una vez que hayas verificado tu correo y activado tu cuenta, inicia sesi\\u00f3n en SEIM y completa tu perfil estudiantil con tu informaci\\u00f3n acad\\u00e9mica.</p>\"}, \"id\": \"a55aaa6e-c296-4c41-9cdf-81a1c8c38872\"}, {\"type\": \"rich_text\", \"value\": {\"content\": \"<h3>3. Explora Programas Disponibles</h3><p>Revisa los programas de intercambio disponibles en el sistema. Cada programa incluye informaci\\u00f3n sobre:</p><ul><li>Universidad destino y pa\\u00eds</li><li>Requisitos acad\\u00e9micos (promedio m\\u00ednimo, nivel de idioma)</li><li>Duraci\\u00f3n del intercambio</li><li>Fechas de aplicaci\\u00f3n</li><li>Documentos requeridos</li></ul>\"}, \"id\": \"ef9ebd3d-a22a-4aad-8fda-512cbfceb4f3\"}, {\"type\": \"rich_text\", \"value\": {\"content\": \"<h3>4. Inicia tu Solicitud</h3><p>Selecciona el programa al que deseas aplicar y completa el formulario de solicitud en l\\u00ednea. El sistema te guiar\\u00e1 paso a paso.</p>\"}, \"id\": \"4c83171e-1356-4928-8b0e-acd73fd44fc8\"}, {\"type\": \"rich_text\", \"value\": {\"content\": \"<h3>5. Sube tus Documentos</h3><p>Adjunta todos los documentos requeridos en formato PDF:</p><ul><li>Carta de motivaci\\u00f3n</li><li>Kardex actualizado</li><li>Carta de recomendaci\\u00f3n</li><li>Comprobante de idioma (si aplica)</li><li>Identificaci\\u00f3n oficial</li></ul>\"}, \"id\": \"6629b73d-a462-479e-a37d-6ca340cfaf01\"}, {\"type\": \"rich_text\", \"value\": {\"content\": \"<h3>6. Env\\u00eda tu Solicitud</h3><p>Revisa cuidadosamente toda tu informaci\\u00f3n antes de enviar. Una vez enviada, tu solicitud ser\\u00e1 revisada por el equipo de la Direcci\\u00f3n de Intercambio Acad\\u00e9mico.</p>\"}, \"id\": \"d3a45c84-dc56-440a-948a-6a17f809ac5e\"}, {\"type\": \"call_to_action\", \"value\": {\"title\": \"\\u00bfYa tienes cuenta?\", \"text\": \"Inicia sesi\\u00f3n en SEIM para continuar con tu solicitud.\", \"button_text\": \"Iniciar Sesi\\u00f3n\", \"button_link\": \"/accounts/login/\", \"button_page\": null, \"style\": \"secondary\"}, \"id\": \"edeb7a16-2d48-4070-a9b4-c3b1d3bc0579\"}, {\"type\": \"rich_text\", \"value\": {\"content\": \"<h2>Seguimiento de tu Solicitud</h2><p>Una vez enviada tu solicitud, podr\\u00e1s dar seguimiento a su estatus en tiempo real desde tu panel de SEIM. Recibir\\u00e1s notificaciones por correo electr\\u00f3nico en cada etapa del proceso:</p><ul><li><strong>Recibida:</strong> Tu solicitud ha sido recibida</li><li><strong>En Revisi\\u00f3n:</strong> El equipo est\\u00e1 evaluando tu solicitud</li><li><strong>Aprobada:</strong> \\u00a1Felicidades! Has sido seleccionado</li><li><strong>Documentaci\\u00f3n Adicional:</strong> Se requieren m\\u00e1s documentos</li></ul>\"}, \"id\": \"66bf2b55-9eab-4c1c-9343-2c38cff661a6\"}, {\"type\": \"rich_text\", \"value\": {\"content\": \"<h2>\\u00bfNecesitas Ayuda?</h2><p>Si tienes dudas sobre el proceso de aplicaci\\u00f3n o problemas t\\u00e9cnicos con el sistema SEIM, no dudes en contactarnos.</p><p><strong>Direcci\\u00f3n de Intercambio Acad\\u00e9mico</strong><br>Email: <a href=\\\"mailto:intercambio@uadec.edu.mx\\\">intercambio@uadec.edu.mx</a><br>Tel\\u00e9fono: +52 (844) 416-1234 ext. 1500</p>\"}, \"id\": \"893a5d55-54fc-4762-a4f3-4f8577fc4571\"}]",
      "live": true,
      "path": "00010001000A",
      "slug": "como-aplicar",
      "depth": 3,
      "owner": null,
      "title": "Cómo Aplicar",
      "locale": 1,
      "locked": false,
      "expired": false,
      "alias_of": null,
      "numchild": 0,
      "og_image": null,
      "url_path": "/home/como-aplicar/",
      "expire_at": null,
      "locked_at": null,
      "locked_by": null,
      "seo_title": "",
      "go_live_at": null,
      "draft_title": "Cómo Aplicar",
      "content_type": 56,
      "introduction": "Inicia tu experiencia de intercambio académico internacional creando tu cuenta en el Sistema SEIM y completando tu solicitud en línea.",
      "show_sidebar": false,
      "canonical_url": "",
      "live_revision": 25,
      "related_pages": [],
      "show_in_menus": true,
      "latest_revision": 25,
      "sidebar_content": "",
      "translation_key": "2c43b1d9-ae83-410c-9bed-e39157e05ee1",
      "last_published_at": "2025-11-25T17:19:11.945Z",
      "first_published_at": "2025-11-25T17:05:53.547Z",
      "search_description": "",
      "wagtail_admin_comments": [],
      "has_unpublished_changes": false,
      "latest_revision_created_at": "2025-11-25T17:19:11.929Z"
    },
    "approved_go_live_at": null
  }
},
{
  "model": "cms.homepage",
  "pk": 3,
  "fields": {
    "page_ptr": 3,
    "canonical_url": "",
    "og_image": null,
    "hero_title": "Bienvenido a la Dirección de Intercambio Académico",
    "hero_subtitle": "Universidad Autónoma de Coahuila - Transformando vidas a través de experiencias internacionales",
    "hero_image": null,
    "hero_cta_text": "Explorar Programas",
    "hero_cta_link": null,
    "body": "[{\"id\": \"61fff58f-69a1-4aa3-862b-10f09f82de15\", \"type\": \"hero\", \"value\": {\"title\": \"Vive una Experiencia Internacional\", \"subtitle\": \"Ampl\\u00eda tus horizontes acad\\u00e9micos y culturales con nuestros programas de intercambio\", \"button_link\": \"http://localhost:8000/programas/\", \"button_text\": \"Ver Programas\", \"background_color\": \"primary\"}}, {\"id\": \"da947944-d5ee-41f2-ac09-e89bedf1435b\", \"type\": \"card_grid\", \"value\": {\"cards\": [{\"icon\": \"bi-globe2\", \"link\": \"/sobre-nosotros/\", \"text\": \"Estudia en universidades prestigiosas de Europa y Am\\u00e9rica, ampliando tu perspectiva global y enriqueciendo tu perfil profesional.\", \"title\": \"Experiencia Internacional\", \"link_text\": \"Conoce m\\u00e1s\"}, {\"icon\": \"bi-mortarboard\", \"link\": \"/preguntas-frecuentes/\", \"text\": \"Todas las materias cursadas en el extranjero son revalidadas autom\\u00e1ticamente. Tu progreso acad\\u00e9mico contin\\u00faa sin interrupciones.\", \"title\": \"Cr\\u00e9ditos Revalidables\", \"link_text\": \"Ver FAQs\"}, {\"icon\": \"bi-people\", \"link\": \"/contacto/\", \"text\": \"Desde la aplicaci\\u00f3n hasta tu regreso, te acompa\\u00f1amos en cada paso. Orientaci\\u00f3n acad\\u00e9mica, tr\\u00e1mites y soporte constante.\", \"title\": \"Apoyo Integral\", \"link_text\": \"Contacta\"}, {\"icon\": \"bi-currency-dollar\", \"link\": \"/proceso-aplicacion/\", \"text\": \"Accede a becas y apoyos econ\\u00f3micos para estudiantes destacados. No dejes que el costo sea una barrera.\", \"title\": \"Becas Disponibles\", \"link_text\": \"Aplicar\"}, {\"icon\": \"bi-translate\", \"link\": \"/programas/\", \"text\": \"Perfecciona ingl\\u00e9s, italiano, franc\\u00e9s u otros idiomas mientras estudias. Inmersi\\u00f3n total en el idioma y cultura.\", \"title\": \"Desarrollo de Idiomas\", \"link_text\": \"Ver destinos\"}, {\"icon\": \"bi-briefcase\", \"link\": \"/blog/\", \"text\": \"Difer\\u00e9nciate en el mercado laboral. Los empleadores valoran altamente la experiencia internacional.\", \"title\": \"Ventaja Competitiva\", \"link_text\": \"Experiencias\"}], \"columns\": \"3\", \"heading\": \"\\u00bfPor qu\\u00e9 elegir un intercambio acad\\u00e9mico?\", \"subheading\": \"Beneficios para tu desarrollo acad\\u00e9mico y profesional\"}}, {\"id\": \"ca4f70d9-c3ab-41f7-bb60-32af1a646570\", \"type\": \"call_to_action\", \"value\": {\"text\": \"Las aplicaciones est\\u00e1n abiertas hasta el 15 de enero de 2026. No pierdas esta oportunidad \\u00fanica de estudiar en el extranjero.\", \"style\": \"success\", \"title\": \"\\ud83d\\udce2 \\u00a1Convocatoria Abierta para Primavera 2026!\", \"button_link\": \"http://localhost:8000/blog/\", \"button_text\": \"Ver Convocatoria\"}}, {\"id\": \"ac3f449d-f96f-4083-85c3-5311c24034ee\", \"type\": \"process_steps\", \"value\": {\"steps\": [{\"icon\": \"bi-info-circle\", \"title\": \"Inf\\u00f3rmate\", \"number\": \"1\", \"description\": \"Consulta los programas disponibles, requisitos y destinos. Asiste a nuestras sesiones informativas.\"}, {\"icon\": \"bi-file-earmark-text\", \"title\": \"Prepara Documentos\", \"number\": \"2\", \"description\": \"Re\\u00fane tu historial acad\\u00e9mico, cartas de recomendaci\\u00f3n, certificados de idioma y carta de motivos.\"}, {\"icon\": \"bi-laptop\", \"title\": \"Aplica en L\\u00ednea\", \"number\": \"3\", \"description\": \"Completa el formulario de aplicaci\\u00f3n en nuestro sistema. Aseg\\u00farate de incluir toda la informaci\\u00f3n.\"}, {\"icon\": \"bi-clipboard-check\", \"title\": \"Evaluaci\\u00f3n\", \"number\": \"4\", \"description\": \"El comit\\u00e9 evaluar\\u00e1 tu solicitud. Recibir\\u00e1s notificaci\\u00f3n de resultados en las fechas establecidas.\"}, {\"icon\": \"bi-airplane\", \"title\": \"Preparativos\", \"number\": \"5\", \"description\": \"Una vez aceptado, realiza tr\\u00e1mites de visa, seguro m\\u00e9dico y documentaci\\u00f3n migratoria.\"}, {\"icon\": \"bi-star\", \"title\": \"\\u00a1Viaja!\", \"number\": \"6\", \"description\": \"Inicia tu experiencia internacional. Te acompa\\u00f1aremos durante toda tu estancia.\"}], \"heading\": \"\\u00bfC\\u00f3mo aplicar?\", \"subheading\": \"Sigue estos simples pasos para iniciar tu aventura internacional\"}}, {\"id\": \"a6878836-76e6-47aa-8d40-afb569f320ab\", \"type\": \"testimonial\", \"value\": {\"quote\": \"Mi experiencia en la Universidad de Salamanca cambi\\u00f3 mi vida. No solo mejor\\u00e9 mi nivel acad\\u00e9mico, sino que hice amigos de todo el mundo y descubr\\u00ed una nueva perspectiva de mi carrera. Fue la mejor decisi\\u00f3n que pude tomar.\", \"author\": \"Mar\\u00eda Rodr\\u00edguez\", \"author_title\": \"Estudiante de Relaciones Internacionales - Intercambio en Espa\\u00f1a 2024\"}}, {\"id\": \"09838510-f003-4029-8302-a2647a0a64e1\", \"type\": \"faq\", \"value\": {\"items\": [{\"answer\": \"<p>El promedio m\\u00ednimo general es de 8.0, aunque algunos programas pueden requerir 8.5 o m\\u00e1s. Revisa los requisitos espec\\u00edficos de cada destino.</p>\", \"question\": \"\\u00bfCu\\u00e1l es el promedio m\\u00ednimo requerido?\"}, {\"answer\": \"<p>S\\u00ed, debes demostrar un nivel intermedio o avanzado del idioma. Para ingl\\u00e9s: TOEFL 79+ o IELTS 6.5+. Para espa\\u00f1ol: DELE B2. Para otros idiomas, consulta los requisitos espec\\u00edficos.</p>\", \"question\": \"\\u00bfNecesito saber el idioma del pa\\u00eds?\"}, {\"answer\": \"<p>La mayor\\u00eda de nuestros programas son de un semestre (4-6 meses). Algunos programas tambi\\u00e9n ofrecen estancias de verano (2-3 meses).</p>\", \"question\": \"\\u00bfCu\\u00e1nto tiempo dura un intercambio?\"}, {\"answer\": \"<p>S\\u00ed, pero deben ser aprobadas previamente por tu coordinador de carrera para asegurar su equivalencia y revalidaci\\u00f3n.</p>\", \"question\": \"\\u00bfPuedo elegir mis materias en el extranjero?\"}], \"heading\": \"Preguntas Frecuentes\"}}, {\"id\": \"40e94732-605b-4350-9708-a57d1eab3ccb\", \"type\": \"call_to_action\", \"value\": {\"text\": \"Aprende c\\u00f3mo crear tu cuenta y enviar tu solicitud de intercambio. Te guiamos paso a paso en el proceso.\", \"style\": \"primary\", \"title\": \"\\u00bfListo para tu aventura internacional?\", \"button_link\": \"http://localhost:8000/como-aplicar/\", \"button_text\": \"\\u00bfC\\u00f3mo Aplicar?\"}}]"
  }
},
{
  "model": "cms.standardpage",
  "pk": 7,
  "fields": {
    "page_ptr": 7,
    "canonical_url": "",
    "og_image": null,
    "introduction": "",
    "body": "[]",
    "show_sidebar": false,
    "sidebar_content": "",
    "related_pages": []
  }
},
{
  "model": "cms.standardpage",
  "pk": 8,
  "fields": {
    "page_ptr": 8,
    "canonical_url": "",
    "og_image": null,
    "introduction": "",
    "body": "[]",
    "show_sidebar": false,
    "sidebar_content": "",
    "related_pages": []
  }
},
{
  "model": "cms.standardpage",
  "pk": 9,
  "fields": {
    "page_ptr": 9,
    "canonical_url": "",
    "og_image": null,
    "introduction": "",
    "body": "[]",
    "show_sidebar": false,
    "sidebar_content": "",
    "related_pages": []
  }
},
{
  "model": "cms.standardpage",
  "pk": 23,
  "fields": {
    "page_ptr": 23,
    "canonical_url": "",
    "og_image": null,
    "introduction": "",
    "body": "[]",
    "show_sidebar": false,
    "sidebar_content": "",
    "related_pages": []
  }
},
{
  "model": "cms.standardpage",
  "pk": 24,
  "fields": {
    "page_ptr": 24,
    "canonical_url": "",
    "og_image": null,
    "introduction": "Inicia tu experiencia de intercambio académico internacional creando tu cuenta en el Sistema SEIM y completando tu solicitud en línea.",
    "body": "[{\"id\": \"16acceb0-f8da-46bf-a81d-9ab8998bc3d4\", \"type\": \"rich_text\", \"value\": {\"content\": \"<h2>Proceso de Aplicaci\\u00f3n</h2><p>Para aplicar a un programa de intercambio acad\\u00e9mico de la UAdeC, sigue estos pasos:</p>\"}}, {\"id\": \"e13b61c1-994f-411d-bd35-60c269056122\", \"type\": \"rich_text\", \"value\": {\"content\": \"<h3>1. Crea tu Cuenta en SEIM</h3><p>El primer paso es registrarte en nuestro Sistema de Intercambio Estudiantil y Movilidad (SEIM). Necesitar\\u00e1s tu correo institucional de la UAdeC para crear tu cuenta.</p>\"}}, {\"id\": \"67d6a1c4-2c68-414a-9e81-247ac3b97975\", \"type\": \"call_to_action\", \"value\": {\"text\": \"Reg\\u00edstrate ahora en SEIM para comenzar tu solicitud de intercambio.\", \"style\": \"primary\", \"title\": \"\\u00bfA\\u00fan no tienes cuenta?\", \"button_link\": \"/accounts/register/\", \"button_page\": null, \"button_text\": \"Crear Cuenta\"}}, {\"id\": \"a55aaa6e-c296-4c41-9cdf-81a1c8c38872\", \"type\": \"rich_text\", \"value\": {\"content\": \"<h3>2. Completa tu Perfil</h3><p>Una vez que hayas verificado tu correo y activado tu cuenta, inicia sesi\\u00f3n en SEIM y completa tu perfil estudiantil con tu informaci\\u00f3n acad\\u00e9mica.</p>\"}}, {\"id\": \"ef9ebd3d-a22a-4aad-8fda-512cbfceb4f3\", \"type\": \"rich_text\", \"value\": {\"content\": \"<h3>3. Explora Programas Disponibles</h3><p>Revisa los programas de intercambio disponibles en el sistema. Cada programa incluye informaci\\u00f3n sobre:</p><ul><li>Universidad destino y pa\\u00eds</li><li>Requisitos acad\\u00e9micos (promedio m\\u00ednimo, nivel de idioma)</li><li>Duraci\\u00f3n del intercambio</li><li>Fechas de aplicaci\\u00f3n</li><li>Documentos requeridos</li></ul>\"}}, {\"id\": \"4c83171e-1356-4928-8b0e-acd73fd44fc8\", \"type\": \"rich_text\", \"value\": {\"content\": \"<h3>4. Inicia tu Solicitud</h3><p>Selecciona el programa al que deseas aplicar y completa el formulario de solicitud en l\\u00ednea. El sistema te guiar\\u00e1 paso a paso.</p>\"}}, {\"id\": \"6629b73d-a462-479e-a37d-6ca340cfaf01\", \"type\": \"rich_text\", \"value\": {\"content\": \"<h3>5. Sube tus Documentos</h3><p>Adjunta todos los documentos requeridos en formato PDF:</p><ul><li>Carta de motivaci\\u00f3n</li><li>Kardex actualizado</li><li>Carta de recomendaci\\u00f3n</li><li>Comprobante de idioma (si aplica)</li><li>Identificaci\\u00f3n oficial</li></ul>\"}}, {\"id\": \"d3a45c84-dc56-440a-948a-6a17f809ac5e\", \"type\": \"rich_text\", \"value\": {\"content\": \"<h3>6. Env\\u00eda tu Solicitud</h3><p>Revisa cuidadosamente toda tu informaci\\u00f3n antes de enviar. Una vez enviada, tu solicitud ser\\u00e1 revisada por el equipo de la Direcci\\u00f3n de Intercambio Acad\\u00e9mico.</p>\"}}, {\"id\": \"edeb7a16-2d48-4070-a9b4-c3b1d3bc0579\", \"type\": \"call_to_action\", \"value\": {\"text\": \"Inicia sesi\\u00f3n en SEIM para continuar con tu solicitud.\", \"style\": \"secondary\", \"title\": \"\\u00bfYa tienes cuenta?\", \"button_link\": \"/accounts/login/\", \"button_page\": null, \"button_text\": \"Iniciar Sesi\\u00f3n\"}}, {\"id\": \"66bf2b55-9eab-4c1c-9343-2c38cff661a6\", \"type\": \"rich_text\", \"value\": {\"content\": \"<h2>Seguimiento de tu Solicitud</h2><p>Una vez enviada tu solicitud, podr\\u00e1s dar seguimiento a su estatus en tiempo real desde tu panel de SEIM. Recibir\\u00e1s notificaciones por correo electr\\u00f3nico en cada etapa del proceso:</p><ul><li><strong>Recibida:</strong> Tu solicitud ha sido recibida</li><li><strong>En Revisi\\u00f3n:</strong> El equipo est\\u00e1 evaluando tu solicitud</li><li><strong>Aprobada:</strong> \\u00a1Felicidades! Has sido seleccionado</li><li><strong>Documentaci\\u00f3n Adicional:</strong> Se requieren m\\u00e1s documentos</li></ul>\"}}, {\"id\": \"893a5d55-54fc-4762-a4f3-4f8577fc4571\", \"type\": \"rich_text\", \"value\": {\"content\": \"<h2>\\u00bfNecesitas Ayuda?</h2><p>Si tienes dudas sobre el proceso de aplicaci\\u00f3n o problemas t\\u00e9cnicos con el sistema SEIM, no dudes en contactarnos.</p><p><strong>Direcci\\u00f3n de Intercambio Acad\\u00e9mico</strong><br>Email: <a href=\\\"mailto:intercambio@uadec.edu.mx\\\">intercambio@uadec.edu.mx</a><br>Tel\\u00e9fono: +52 (844) 416-1234 ext. 1500</p>\"}}]",
    "show_sidebar": false,
    "sidebar_content": "",
    "related_pages": []
  }
},
{
  "model": "cms.blogindexpage",
  "pk": 4,
  "fields": {
    "page_ptr": 4,
    "canonical_url": "",
    "og_image": null,
    "introduction": ""
  }
},
{
  "model": "cms.blogpostpage",
  "pk": 10,
  "fields": {
    "page_ptr": 10,
    "canonical_url": "",
    "og_image": null,
    "published_date": "2025-11-25",
    "author": null,
    "featured_image": null,
    "introduction": "Una experiencia transformadora estudiando en una de las universidades más antiguas de Europa.",
    "body": "[]",
    "categories": [
      1
    ]
  }
},
{
  "model": "cms.blogpostpage",
  "pk": 11,
  "fields": {
    "page_ptr": 11,
    "canonical_url": "",
    "og_image": null,
    "published_date": "2025-11-25",
    "author": null,
    "featured_image": null,
    "introduction": "Ya están abiertas las aplicaciones para el programa de intercambio del semestre Primavera 2026.",
    "body": "[]",
    "categories": [
      2
    ]
  }
},
{
  "model": "cms.blogpostpage",
  "pk": 12,
  "fields": {
    "page_ptr": 12,
    "canonical_url": "",
    "og_image": null,
    "published_date": "2025-11-25",
    "author": null,
    "featured_image": null,
    "introduction": "Guía práctica para prepararte antes de tu experiencia internacional.",
    "body": "[]",
    "categories": [
      3
    ]
  }
},
{
  "model": "cms.blogcategory",
  "pk": 1,
  "fields": {
    "name": "Experiencias",
    "slug": "experiencias",
    "description": ""
  }
},
{
  "model": "cms.blogcategory",
  "pk": 2,
  "fields": {
    "name": "Convocatorias",
    "slug": "convocatorias",
    "description": ""
  }
},
{
  "model": "cms.blogcategory",
  "pk": 3,
  "fields": {
    "name": "Consejos",
    "slug": "consejos",
    "description": ""
  }
},
{
  "model": "cms.blogcategory",
  "pk": 4,
  "fields": {
    "name": "Noticias",
    "slug": "noticias",
    "description": ""
  }
},
{
  "model": "cms.programindexpage",
  "pk": 5,
  "fields": {
    "page_ptr": 5,
    "canonical_url": "",
    "og_image": null,
    "introduction": ""
  }
},
{
  "model": "cms.programindexpage",
  "pk": 13,
  "fields": {
    "page_ptr": 13,
    "canonical_url": "",
    "og_image": null,
    "introduction": ""
  }
},
{
  "model": "cms.programpage",
  "pk": 14,
  "fields": {
    "page_ptr": 14,
    "canonical_url": "",
    "og_image": null,
    "program": null,
    "featured_image": null,
    "introduction": "Estudia en una de las universidades más antiguas y prestigiosas de Europa, fundada en 1218.",
    "body": "[]",
    "location": "Salamanca, España",
    "duration": "1 semestre (5-6 meses)",
    "language": "",
    "application_deadline": null
  }
},
{
  "model": "cms.programpage",
  "pk": 15,
  "fields": {
    "page_ptr": 15,
    "canonical_url": "",
    "og_image": null,
    "program": null,
    "featured_image": null,
    "introduction": "Una de las universidades públicas más grandes de Estados Unidos con excelencia en ingeniería y ciencias.",
    "body": "[]",
    "location": "College Station, Texas, USA",
    "duration": "1 semestre (4-5 meses)",
    "language": "",
    "application_deadline": null
  }
},
{
  "model": "cms.programpage",
  "pk": 16,
  "fields": {
    "page_ptr": 16,
    "canonical_url": "",
    "og_image": null,
    "program": null,
    "featured_image": null,
    "introduction": "La universidad más antigua del mundo occidental, fundada en 1088.",
    "body": "[]",
    "location": "Bologna, Italia",
    "duration": "1 semestre (5 meses)",
    "language": "",
    "application_deadline": null
  }
},
{
  "model": "cms.faqindexpage",
  "pk": 6,
  "fields": {
    "page_ptr": 6,
    "canonical_url": "",
    "og_image": null,
    "introduction": ""
  }
},
{
  "model": "cms.faqindexpage",
  "pk": 17,
  "fields": {
    "page_ptr": 17,
    "canonical_url": "",
    "og_image": null,
    "introduction": ""
  }
},
{
  "model": "cms.faqpage",
  "pk": 18,
  "fields": {
    "page_ptr": 18,
    "canonical_url": "",
    "og_image": null,
    "introduction": "",
    "body": "[]"
  }
},
{
  "model": "cms.faqpage",
  "pk": 19,
  "fields": {
    "page_ptr": 19,
    "canonical_url": "",
    "og_image": null,
    "introduction": "",
    "body": "[]"
  }
},
{
  "model": "cms.faqpage",
  "pk": 20,
  "fields": {
    "page_ptr": 20,
    "canonical_url": "",
    "og_image": null,
    "introduction": "",
    "body": "[]"
  }
},
{
  "model": "cms.faqpage",
  "pk": 21,
  "fields": {
    "page_ptr": 21,
    "canonical_url": "",
    "og_image": null,
    "introduction": "",
    "body": "[]"
  }
},
{
  "model": "cms.faqpage",
  "pk": 22,
  "fields": {
    "page_ptr": 22,
    "canonical_url": "",
    "og_image": null,
    "introduction": "",
    "body": "[]"
  }
}
]
